objects,cumulative_bytes
1,185
2,402
3,619
4,836
5,1053
6,1270
7,1455
8,1672
9,1889
10,2106
11,2323
12,2540
13,2725
14,2942
15,3159
16,3376
17,3593
18,3810
19,3995
20,4180
21,4365
22,4582
23,4799
24,5016
25,5233
26,5450
27,5635
28,5852
29,6069
30,6286
31,6503
32,6720
33,6905
34,7122
35,7339
36,7556
37,7773
38,7990
39,8175
40,8392
41,8609
42,8826
43,9043
44,9260
45,9445
46,9662
47,9879
48,10096
49,10313
50,10530
51,10715
52,10932
53,11149
54,11366
55,11583
56,11800
57,11985
58,12202
59,12387
60,12604
61,12821
62,13038
63,13255
64,13472
65,13658
66,13876
67,14094
68,14312
69,14530
70,14748
71,14934
72,15152
73,15370
74,15588
75,15806
76,16024
77,16210
78,16396
79,16582
80,16800
81,17018
82,17236
83,17454
84,17672
85,17858
86,18076
87,18294
88,18512
89,18730
90,18948
91,19134
92,19352
93,19570
94,19788
95,20006
96,20224
97,20410
98,20628
99,20846
100,21064
101,21282
102,21500
103,21686
104,21904
105,22122
106,22340
107,22558
108,22776
109,22962
110,23148
111,23334
112,23552
113,23770
114,23988
115,24206
116,24424
117,24610
118,24796
119,24982
120,25200
121,25418
122,25636
123,25854
124,26072
125,26258
126,26476
127,26694
128,26912
129,27130
130,27348
131,27534
132,27752
133,27970
134,28188
135,28406
136,28624
137,28810
138,29028
139,29246
140,29464
141,29682
142,29900
143,30086
144,30304
145,30522
146,30740
147,30958
148,31176
149,31362
150,31580
151,31798
152,32016
153,32234
154,32452
155,32638
156,32856
157,33074
158,33292
159,33510
160,33728
161,33914
162,34132
163,34350
164,34568
165,34786
166,35004
167,35190
168,35408
169,35626
170,35844
171,36062
172,36280
173,36466
174,36684
175,36902
176,37120
177,37338
178,37556
179,37742
180,37960
181,38178
182,38396
183,38614
184,38832
185,39018
186,39204
187,39390
188,39608
189,39826
190,40044
191,40262
192,40480
193,40666
194,40884
195,41102
196,41320
197,41538
198,41756
199,41942
200,42160
201,42346
202,42564
203,42782
204,43000
205,43218
206,43436
207,43622
208,43840
209,44058
210,44276
211,44494
212,44712
213,44898
214,45116
215,45334
216,45552
217,45770
218,45988
219,46174
220,46392
221,46610
222,46828
223,47046
224,47264
225,47450
226,47636
227,47822
228,48040
229,48258
230,48476
231,48694
232,48912
233,49098
234,49316
235,49534
236,49752
237,49970
238,50188
239,50374
240,50592
241,50810
242,51028
243,51246
244,51464
245,51650
246,51868
247,52086
248,52304
249,52522
250,52740
251,52926
252,53144
253,53362
254,53580
255,53798
256,54016
257,54202
258,54388
259,54574
260,54792
261,55010
262,55228
263,55446
264,55664
265,55850
266,56068
267,56286
268,56504
269,56722
270,56940
271,57126
272,57344
273,57562
274,57780
275,57998
276,58216
277,58402
278,58620
279,58838
280,59056
281,59274
282,59492
283,59678
284,59896
285,60114
286,60332
287,60550
288,60768
289,60954
290,61172
291,61390
292,61608
293,61826
294,62044
295,62230
296,62416
297,62602
298,62820
299,63038
300,63256
301,63474
302,63692
303,63878
304,64064
305,64250
306,64468
307,64686
308,64904
309,65122
310,65340
311,65526
312,65744
313,65962
314,66180
315,66398
316,66616
317,66802
318,66988
319,67174
320,67392
321,67610
322,67828
323,68046
324,68264
325,68450
326,68668
327,68886
328,69104
329,69322
330,69540
331,69726
332,69944
333,70162
334,70380
335,70598
336,70816
337,71002
338,71220
339,71438
340,71656
341,71874
342,72092
343,72278
344,72496
345,72714
346,72932
347,73150
348,73368
349,73554
350,73772
351,73990
352,74208
353,74426
354,74644
355,74830
356,75016
357,75202
358,75420
359,75638
360,75856
361,76074
362,76292
363,76478
364,76664
365,76850
366,77068
367,77286
368,77504
369,77722
370,77940
371,78126
372,78344
373,78562
374,78780
375,78998
376,79216
377,79402
378,79620
379,79838
380,80056
381,80274
382,80492
383,80678
384,80896
385,81114
386,81332
387,81550
388,81768
389,81954
390,82172
391,82390
392,82608
393,82826
394,83044
395,83230
396,83416
397,83602
398,83820
399,84038
400,84256
401,84474
402,84692
403,84878
404,85096
405,85314
406,85532
407,85750
408,85968
409,86154
410,86372
411,86558
412,86776
413,86994
414,87212
415,87430
416,87648
417,87834
418,88052
419,88270
420,88488
421,88706
422,88924
423,89110
424,89328
425,89546
426,89764
427,89982
428,90200
429,90386
430,90604
431,90822
432,91040
433,91258
434,91476
435,91662
436,91880
437,92098
438,92316
439,92534
440,92752
441,92938
442,93156
443,93374
444,93592
445,93810
446,94028
447,94214
448,94400
449,94586
450,94804
451,95022
452,95240
453,95458
454,95676
455,95862
456,96080
457,96298
458,96516
459,96734
460,96952
461,97138
462,97356
463,97574
464,97792
465,98010
466,98228
467,98414
468,98632
469,98818
470,99036
471,99254
472,99472
473,99690
474,99908
475,100094
476,100312
477,100530
478,100748
479,100966
480,101184
481,101370
482,101588
483,101806
484,102024
485,102242
486,102460
487,102646
488,102864
489,103082
490,103300
491,103518
492,103736
493,103922
494,104140
495,104358
496,104576
497,104794
498,105012
499,105198
500,105416
501,105634
502,105852
503,106070
504,106288
505,106474
506,106692
507,106910
508,107128
509,107346
510,107564
511,107750
512,107936
513,108122
514,108340
515,108558
516,108776
517,108994
518,109212
519,109398
520,109584
521,109770
522,109988
523,110206
524,110424
525,110642
526,110860
527,111046
528,111264
529,111482
530,111700
531,111918
532,112136
533,112322
534,112540
535,112758
536,112976
537,113194
538,113412
539,113598
540,113816
541,114034
542,114252
543,114470
544,114688
545,114874
546,115060
547,115246
548,115464
549,115682
550,115900
551,116118
552,116336
553,116522
554,116740
555,116958
556,117176
557,117394
558,117612
559,117798
560,118016
561,118234
562,118452
563,118670
564,118888
565,119074
566,119292
567,119510
568,119728
569,119946
570,120164
571,120350
572,120568
573,120786
574,121004
575,121222
576,121440
577,121626
578,121844
579,122062
580,122280
581,122498
582,122716
583,122902
584,123120
585,123338
586,123556
587,123774
588,123992
589,124178
590,124396
591,124582
592,124800
593,125018
594,125236
595,125454
596,125672
597,125858
598,126076
599,126294
600,126512
601,126730
602,126948
603,127134
604,127352
605,127570
606,127788
607,128006
608,128224
609,128410
610,128596
611,128782
612,129000
613,129218
614,129436
615,129654
616,129872
617,130058
618,130244
619,130430
620,130648
621,130866
622,131084
623,131302
624,131520
625,131706
626,131924
627,132142
628,132360
629,132578
630,132796
631,132982
632,133200
633,133418
634,133636
635,133854
636,134072
637,134258
638,134444
639,134630
640,134848
641,135066
642,135284
643,135502
644,135720
645,135906
646,136124
647,136342
648,136560
649,136778
650,136996
651,137183
652,137402
653,137621
654,137840
655,138059
656,138278
657,138465
658,138684
659,138903
660,139122
661,139341
662,139560
663,139747
664,139966
665,140185
666,140404
667,140623
668,140842
669,141029
670,141216
671,141403
672,141622
673,141841
674,142060
675,142279
676,142498
677,142685
678,142904
679,143123
680,143342
681,143561
682,143780
683,143967
684,144186
685,144405
686,144624
687,144843
688,145062
689,145249
690,145468
691,145687
692,145906
693,146125
694,146344
695,146531
696,146750
697,146969
698,147188
699,147407
700,147626
701,147813
702,148032
703,148219
704,148438
705,148657
706,148876
707,149095
708,149314
709,149501
710,149720
711,149939
712,150158
713,150377
714,150596
715,150783
716,151002
717,151221
718,151440
719,151659
720,151878
721,152065
722,152284
723,152503
724,152722
725,152941
726,153160
727,153347
728,153566
729,153785
730,154004
731,154223
732,154442
733,154629
734,154848
735,155067
736,155286
737,155505
738,155724
739,155911
740,156130
741,156349
742,156568
743,156787
744,157006
745,157193
746,157412
747,157599
748,157818
749,158037
750,158256
751,158475
752,158694
753,158881
754,159068
755,159255
756,159474
757,159693
758,159912
759,160131
760,160350
761,160537
762,160756
763,160975
764,161194
765,161413
766,161632
767,161819
768,162038
769,162225
770,162444
771,162663
772,162882
773,163101
774,163320
775,163507
776,163726
777,163945
778,164164
779,164383
780,164602
781,164789
782,165008
783,165227
784,165446
785,165665
786,165884
787,166071
788,166290
789,166509
790,166728
791,166947
792,167166
793,167353
794,167572
795,167791
796,168010
797,168229
798,168448
799,168635
800,168854
801,169073
802,169292
803,169511
804,169730
805,169917
806,170136
807,170355
808,170574
809,170793
810,171012
811,171199
812,171418
813,171637
814,171856
815,172075
816,172294
817,172481
818,172700
819,172919
820,173138
821,173357
822,173576
823,173763
824,173982
825,174201
826,174420
827,174639
828,174858
829,175045
830,175232
831,175419
832,175638
833,175857
834,176076
835,176295
836,176514
837,176701
838,176920
839,177139
840,177358
841,177577
842,177796
843,177983
844,178202
845,178421
846,178640
847,178859
848,179078
849,179265
850,179484
851,179671
852,179890
853,180109
854,180328
855,180547
856,180766
857,180953
858,181172
859,181391
860,181610
861,181829
862,182048
863,182235
864,182422
865,182609
866,182828
867,183047
868,183266
869,183485
870,183704
871,183891
872,184110
873,184329
874,184548
875,184767
876,184986
877,185173
878,185392
879,185611
880,185830
881,186049
882,186268
883,186455
884,186674
885,186893
886,187112
887,187331
888,187550
889,187737
890,187956
891,188175
892,188394
893,188613
894,188832
895,189019
896,189238
897,189457
898,189676
899,189895
900,190114
901,190301
902,190520
903,190739
904,190958
905,191177
906,191396
907,191583
908,191802
909,192021
910,192240
911,192459
912,192678
913,192865
914,193084
915,193303
916,193522
917,193741
918,193960
919,194147
920,194334
921,194521
922,194740
923,194959
924,195178
925,195397
926,195616
927,195803
928,196022
929,196241
930,196460
931,196679
932,196898
933,197085
934,197304
935,197491
936,197710
937,197929
938,198148
939,198367
940,198586
941,198773
942,198992
943,199211
944,199430
945,199649
946,199868
947,200055
948,200274
949,200493
950,200712
951,200931
952,201150
953,201337
954,201524
955,201711
956,201930
957,202149
958,202368
959,202587
960,202806
961,202993
962,203212
963,203431
964,203650
965,203869
966,204088
967,204275
968,204462
969,204649
970,204868
971,205087
972,205306
973,205525
974,205744
975,205931
976,206150
977,206369
978,206588
979,206807
980,207026
981,207213
982,207432
983,207651
984,207870
985,208089
986,208308
987,208495
988,208714
989,208933
990,209152
991,209371
992,209590
993,209777
994,209996
995,210215
996,210434
997,210653
998,210872
999,211059
1000,211278
1001,211497
1002,211716
1003,211935
1004,212154
1005,212341
1006,212560
1007,212779
1008,212998
1009,213217
1010,213436
1011,213623
1012,213842
1013,214061
1014,214280
1015,214499
1016,214718
1017,214905
1018,215124
1019,215343
1020,215562
1021,215781
1022,216000
1023,216187
1024,216374
1025,216561
1026,216780
1027,216999
1028,217218
1029,217437
1030,217656
1031,217843
1032,218062
1033,218281
1034,218500
1035,218719
1036,218938
1037,219125
1038,219344
1039,219563
1040,219782
1041,220001
1042,220220
1043,220407
1044,220626
1045,220845
1046,221064
1047,221283
1048,221502
1049,221689
1050,221908
1051,222127
1052,222346
1053,222565
1054,222784
1055,222971
1056,223158
1057,223345
1058,223564
1059,223783
1060,224002
1061,224221
1062,224440
1063,224627
1064,224846
1065,225065
1066,225284
1067,225503
1068,225722
1069,225909
1070,226096
1071,226283
1072,226502
1073,226721
1074,226940
1075,227159
1076,227378
1077,227565
1078,227784
1079,228003
1080,228222
1081,228441
1082,228660
1083,228847
1084,229066
1085,229285
1086,229504
1087,229723
1088,229942
1089,230129
1090,230348
1091,230567
1092,230786
1093,231005
1094,231224
1095,231411
1096,231630
1097,231849
1098,232068
1099,232287
1100,232506
1101,232693
1102,232912
1103,233131
1104,233350
1105,233569
1106,233788
1107,233975
1108,234162
1109,234349
1110,234568
1111,234787
1112,235006
1113,235225
1114,235444
1115,235631
1116,235850
1117,236069
1118,236288
1119,236507
1120,236726
1121,236913
1122,237100
1123,237287
1124,237506
1125,237725
1126,237944
1127,238163
1128,238382
1129,238569
1130,238788
1131,239007
1132,239226
1133,239445
1134,239664
1135,239851
1136,240070
1137,240289
1138,240508
1139,240727
1140,240946
1141,241133
1142,241352
1143,241571
1144,241790
1145,242009
1146,242228
1147,242415
1148,242634
1149,242853
1150,243072
1151,243291
1152,243510
1153,243697
1154,243916
1155,244135
1156,244354
1157,244573
1158,244792
1159,244979
1160,245198
1161,245417
1162,245636
1163,245855
1164,246074
1165,246261
1166,246480
1167,246699
1168,246918
1169,247137
1170,247356
1171,247543
1172,247762
1173,247981
1174,248200
1175,248419
1176,248638
1177,248825
1178,249044
1179,249263
1180,249482
1181,249701
1182,249920
1183,250107
1184,250326
1185,250545
1186,250764
1187,250983
1188,251202
1189,251389
1190,251608
1191,251827
1192,252046
1193,252265
1194,252484
1195,252671
1196,252890
1197,253109
1198,253328
1199,253547
1200,253766
1201,253953
1202,254172
1203,254391
1204,254610
1205,254829
1206,255048
1207,255235
1208,255422
1209,255609
1210,255828
1211,256047
1212,256266
1213,256485
1214,256704
1215,256891
1216,257078
1217,257265
1218,257484
1219,257703
1220,257922
1221,258141
1222,258360
1223,258547
1224,258766
1225,258985
1226,259204
1227,259423
1228,259642
1229,259829
1230,260048
1231,260267
1232,260486
1233,260705
1234,260924
1235,261111
1236,261330
1237,261549
1238,261768
1239,261987
1240,262206
1241,262393
1242,262580
1243,262767
1244,262986
1245,263205
1246,263424
1247,263643
1248,263862
1249,264049
1250,264268
1251,264487
1252,264706
1253,264925
1254,265144
1255,265331
1256,265550
1257,265769
1258,265988
1259,266207
1260,266426
1261,266613
1262,266832
1263,267051
1264,267270
1265,267489
1266,267708
1267,267895
1268,268114
1269,268333
1270,268552
1271,268771
1272,268990
1273,269177
1274,269396
1275,269615
1276,269834
1277,270053
1278,270272
1279,270459
1280,270678
1281,270897
1282,271116
1283,271335
1284,271554
1285,271741
1286,271960
1287,272179
1288,272398
1289,272617
1290,272836
1291,273023
1292,273210
1293,273397
1294,273616
1295,273835
1296,274054
1297,274273
1298,274492
1299,274679
1300,274898
1301,275117
1302,275336
1303,275555
1304,275774
1305,275961
1306,276180
1307,276367
1308,276586
1309,276805
1310,277024
1311,277243
1312,277462
1313,277649
1314,277868
1315,278087
1316,278306
1317,278525
1318,278744
1319,278931
1320,279150
1321,279369
1322,279588
1323,279807
1324,280026
1325,280213
1326,280432
1327,280651
1328,280870
1329,281089
1330,281308
1331,281495
1332,281714
1333,281933
1334,282152
1335,282371
1336,282590
1337,282777
1338,282996
1339,283215
1340,283434
1341,283653
1342,283872
1343,284059
1344,284278
1345,284497
1346,284716
1347,284935
1348,285154
1349,285341
1350,285560
1351,285779
1352,285998
1353,286217
1354,286436
1355,286623
1356,286842
1357,287061
1358,287280
1359,287499
1360,287718
1361,287905
1362,288124
1363,288343
1364,288562
1365,288781
1366,289000
1367,289187
1368,289374
1369,289561
1370,289780
1371,289999
1372,290218
1373,290437
1374,290656
1375,290843
1376,291030
1377,291217
1378,291436
1379,291655
1380,291874
1381,292093
1382,292312
1383,292499
1384,292718
1385,292937
1386,293156
1387,293375
1388,293594
1389,293781
1390,294000
1391,294219
1392,294438
1393,294657
1394,294876
1395,295063
1396,295282
1397,295501
1398,295720
1399,295939
1400,296158
1401,296345
1402,296564
1403,296783
1404,297002
1405,297221
1406,297440
1407,297627
1408,297846
1409,298065
1410,298284
1411,298503
1412,298722
1413,298909
1414,299128
1415,299347
1416,299566
1417,299785
1418,300004
1419,300191
1420,300410
1421,300629
1422,300848
1423,301067
1424,301286
1425,301473
1426,301692
1427,301911
1428,302130
1429,302349
1430,302568
1431,302755
1432,302974
1433,303193
1434,303412
1435,303631
1436,303850
1437,304037
1438,304256
1439,304475
1440,304694
1441,304913
1442,305132
1443,305319
1444,305506
1445,305693
1446,305912
1447,306131
1448,306350
1449,306569
1450,306788
1451,306975
1452,307194
1453,307413
1454,307632
1455,307851
1456,308070
1457,308257
1458,308476
1459,308695
1460,308914
1461,309133
1462,309352
1463,309539
1464,309758
1465,309977
1466,310196
1467,310415
1468,310634
1469,310821
1470,311040
1471,311259
1472,311478
1473,311697
1474,311916
1475,312103
1476,312322
1477,312541
1478,312760
1479,312979
1480,313198
1481,313385
1482,313604
1483,313823
1484,314042
1485,314261
1486,314480
1487,314667
1488,314886
1489,315105
1490,315324
1491,315543
1492,315762
1493,315949
1494,316168
1495,316387
1496,316606
1497,316825
1498,317044
1499,317231
1500,317450
1501,317669
1502,317888
1503,318107
1504,318326
1505,318513
1506,318732
1507,318951
1508,319170
1509,319389
1510,319608
1511,319795
1512,320014
1513,320233
1514,320452
1515,320671
1516,320890
1517,321077
1518,321296
1519,321515
1520,321734
1521,321953
1522,322172
1523,322359
1524,322546
1525,322733
1526,322952
1527,323171
1528,323390
1529,323609
1530,323828
1531,324015
1532,324202
1533,324389
1534,324608
1535,324827
1536,325046
1537,325265
1538,325484
1539,325671
1540,325858
1541,326045
1542,326264
1543,326483
1544,326702
1545,326921
1546,327140
1547,327327
1548,327546
1549,327765
1550,327984
1551,328203
1552,328422
1553,328609
1554,328828
1555,329047
1556,329266
1557,329485
1558,329704
1559,329891
1560,330110
1561,330329
1562,330548
1563,330767
1564,330986
1565,331173
1566,331392
1567,331611
1568,331830
1569,332049
1570,332268
1571,332455
1572,332674
1573,332893
1574,333112
1575,333331
1576,333550
1577,333737
1578,333956
1579,334143
1580,334362
1581,334581
1582,334800
1583,335019
1584,335238
1585,335425
1586,335644
1587,335863
1588,336082
1589,336301
1590,336520
1591,336707
1592,336926
1593,337145
1594,337364
1595,337583
1596,337802
1597,337989
1598,338208
1599,338427
1600,338646
1601,338865
1602,339084
1603,339271
1604,339490
1605,339709
1606,339928
1607,340147
1608,340366
1609,340553
1610,340772
1611,340991
1612,341210
1613,341429
1614,341648
1615,341835
1616,342054
1617,342273
1618,342492
1619,342711
1620,342930
1621,343117
1622,343304
1623,343491
1624,343710
1625,343929
1626,344148
1627,344367
1628,344586
1629,344773
1630,344992
1631,345211
1632,345430
1633,345649
1634,345868
1635,346055
1636,346274
1637,346493
1638,346712
1639,346931
1640,347150
1641,347337
1642,347556
1643,347775
1644,347994
1645,348213
1646,348432
1647,348619
1648,348838
1649,349057
1650,349276
1651,349495
1652,349714
1653,349901
1654,350088
1655,350275
1656,350494
1657,350713
1658,350932
1659,351151
1660,351370
1661,351557
1662,351776
1663,351995
1664,352214
1665,352433
1666,352652
1667,352839
1668,353058
1669,353277
1670,353496
1671,353715
1672,353934
1673,354121
1674,354340
1675,354559
1676,354778
1677,354997
1678,355216
1679,355403
1680,355622
1681,355841
1682,356060
1683,356279
1684,356498
1685,356685
1686,356904
1687,357123
1688,357342
1689,357561
1690,357780
1691,357967
1692,358154
1693,358341
1694,358560
1695,358779
1696,358998
1697,359217
1698,359436
1699,359623
1700,359842
1701,360061
1702,360280
1703,360499
1704,360718
1705,360905
1706,361124
1707,361343
1708,361562
1709,361781
1710,362000
1711,362187
1712,362406
1713,362625
1714,362844
1715,363063
1716,363282
1717,363469
1718,363688
1719,363907
1720,364126
1721,364345
1722,364564
1723,364751
1724,364970
1725,365189
1726,365408
1727,365627
1728,365846
1729,366033
1730,366252
1731,366471
1732,366690
1733,366909
1734,367128
1735,367315
1736,367534
1737,367753
1738,367972
1739,368191
1740,368410
1741,368597
1742,368784
1743,368971
1744,369190
1745,369409
1746,369628
1747,369847
1748,370066
1749,370253
1750,370472
1751,370691
1752,370910
1753,371129
1754,371348
1755,371535
1756,371754
1757,371973
1758,372192
1759,372411
1760,372630
1761,372817
1762,373036
1763,373255
1764,373474
1765,373693
1766,373912
1767,374099
1768,374318
1769,374537
1770,374756
1771,374975
1772,375194
1773,375381
1774,375600
1775,375819
1776,376038
1777,376257
1778,376476
1779,376663
1780,376882
1781,377101
1782,377320
1783,377539
1784,377758
1785,377945
1786,378164
1787,378383
1788,378602
1789,378821
1790,379040
1791,379227
1792,379446
1793,379665
1794,379884
1795,380103
1796,380322
1797,380509
1798,380728
1799,380947
1800,381166
1801,381385
1802,381604
1803,381791
1804,382010
1805,382229
1806,382448
1807,382667
1808,382886
1809,383073
1810,383292
1811,383511
1812,383730
1813,383949
1814,384168
1815,384355
1816,384574
1817,384793
1818,385012
1819,385231
1820,385450
1821,385637
1822,385856
1823,386075
1824,386294
1825,386513
1826,386732
1827,386919
1828,387138
1829,387357
1830,387576
1831,387795
1832,388014
1833,388201
1834,388420
1835,388639
1836,388858
1837,389077
1838,389296
1839,389483
1840,389702
1841,389921
1842,390140
1843,390359
1844,390578
1845,390765
1846,390984
1847,391203
1848,391422
1849,391641
1850,391860
1851,392047
1852,392266
1853,392485
1854,392704
1855,392923
1856,393142
1857,393329
1858,393548
1859,393767
1860,393986
1861,394205
1862,394424
1863,394611
1864,394830
1865,395049
1866,395268
1867,395487
1868,395706
1869,395893
1870,396112
1871,396331
1872,396550
1873,396769
1874,396988
1875,397175
1876,397394
1877,397613
1878,397832
1879,398051
1880,398270
1881,398457
1882,398676
1883,398895
1884,399114
1885,399333
1886,399552
1887,399739
1888,399958
1889,400177
1890,400396
1891,400615
1892,400834
1893,401021
1894,401240
1895,401459
1896,401678
1897,401897
1898,402116
1899,402303
1900,402490
1901,402677
1902,402896
1903,403115
1904,403334
1905,403553
1906,403772
1907,403959
1908,404178
1909,404365
1910,404584
1911,404803
1912,405022
1913,405241
1914,405460
1915,405647
1916,405866
1917,406085
1918,406304
1919,406523
1920,406742
1921,406929
1922,407116
1923,407303
1924,407522
1925,407741
1926,407960
1927,408179
1928,408398
1929,408585
1930,408804
1931,408991
1932,409210
1933,409429
1934,409648
1935,409867
1936,410086
1937,410273
1938,410492
1939,410711
1940,410930
1941,411149
1942,411368
1943,411555
1944,411774
1945,411993
1946,412212
1947,412431
1948,412650
1949,412837
1950,413056
1951,413275
1952,413494
1953,413713
1954,413932
1955,414119
1956,414338
1957,414557
1958,414776
1959,414995
1960,415214
1961,415401
1962,415620
1963,415839
1964,416058
1965,416277
1966,416496
1967,416683
1968,416902
1969,417121
1970,417340
1971,417559
1972,417778
1973,417965
1974,418184
1975,418403
1976,418622
1977,418841
1978,419060
1979,419247
1980,419466
1981,419685
1982,419904
1983,420123
1984,420342
1985,420529
1986,420748
1987,420935
1988,421154
1989,421373
1990,421592
1991,421811
1992,422030
1993,422217
1994,422436
1995,422655
1996,422874
1997,423093
1998,423312
1999,423499
2000,423718
2001,423937
2002,424156
2003,424375
2004,424594
2005,424781
2006,425000
2007,425219
2008,425438
2009,425657
2010,425876
2011,426063
2012,426282
2013,426501
2014,426720
2015,426939
2016,427158
2017,427345
2018,427564
2019,427783
2020,428002
2021,428221
2022,428440
2023,428627
2024,428846
2025,429065
2026,429284
2027,429503
2028,429722
2029,429909
2030,430128
2031,430347
2032,430566
2033,430785
2034,431004
2035,431191
2036,431410
2037,431629
2038,431848
2039,432067
2040,432286
2041,432473
2042,432660
2043,432847
2044,433066
2045,433285
2046,433504
2047,433723
2048,433942
2049,434129
2050,434348
2051,434567
2052,434786
2053,435005
2054,435224
2055,435411
2056,435630
2057,435849
2058,436068
2059,436287
2060,436506
2061,436693
2062,436912
2063,437131
2064,437350
2065,437569
2066,437788
2067,437975
2068,438194
2069,438413
2070,438632
2071,438851
2072,439070
2073,439257
2074,439444
2075,439631
2076,439850
2077,440069
2078,440288
2079,440507
2080,440726
2081,440913
2082,441132
2083,441351
2084,441570
2085,441789
2086,442008
2087,442195
2088,442382
2089,442569
2090,442788
2091,443007
2092,443226
2093,443445
2094,443664
2095,443851
2096,444038
2097,444225
2098,444444
2099,444663
2100,444882
2101,445101
2102,445320
2103,445507
2104,445726
2105,445945
2106,446164
2107,446383
2108,446602
2109,446789
2110,447008
2111,447227
2112,447446
2113,447665
2114,447884
2115,448071
2116,448290
2117,448509
2118,448728
2119,448947
2120,449166
2121,449353
2122,449572
2123,449791
2124,450010
2125,450229
2126,450448
2127,450635
2128,450854
2129,451073
2130,451292
2131,451511
2132,451730
2133,451917
2134,452136
2135,452355
2136,452574
2137,452793
2138,453012
2139,453199
2140,453386
2141,453573
2142,453792
2143,454011
2144,454230
2145,454449
2146,454668
2147,454855
2148,455074
2149,455293
2150,455512
2151,455731
2152,455950
2153,456137
2154,456356
2155,456575
2156,456794
2157,457013
2158,457232
2159,457419
2160,457638
2161,457857
2162,458076
2163,458295
2164,458514
2165,458701
2166,458888
2167,459075
2168,459294
2169,459513
2170,459732
2171,459951
2172,460170
2173,460357
2174,460544
2175,460731
2176,460950
2177,461169
2178,461388
2179,461607
2180,461826
2181,462013
2182,462232
2183,462451
2184,462670
2185,462889
2186,463108
2187,463295
2188,463514
2189,463733
2190,463952
2191,464171
2192,464390
2193,464577
2194,464796
2195,465015
2196,465234
2197,465453
2198,465672
2199,465859
2200,466078
2201,466297
2202,466516
2203,466735
2204,466954
2205,467141
2206,467360
2207,467579
2208,467798
2209,468017
2210,468236
2211,468423
2212,468610
2213,468797
2214,469016
2215,469235
2216,469454
2217,469673
2218,469892
2219,470079
2220,470266
2221,470453
2222,470672
2223,470891
2224,471110
2225,471329
2226,471548
2227,471735
2228,471954
2229,472173
2230,472392
2231,472611
2232,472830
2233,473017
2234,473236
2235,473455
2236,473674
2237,473893
2238,474112
2239,474299
2240,474518
2241,474737
2242,474956
2243,475175
2244,475394
2245,475581
2246,475768
2247,475955
2248,476174
2249,476393
2250,476612
2251,476831
2252,477050
2253,477237
2254,477456
2255,477675
2256,477894
2257,478113
2258,478332
2259,478519
2260,478706
2261,478893
2262,479112
2263,479331
2264,479550
2265,479769
2266,479988
2267,480175
2268,480394
2269,480613
2270,480832
2271,481051
2272,481270
2273,481457
2274,481676
2275,481895
2276,482114
2277,482333
2278,482552
2279,482739
2280,482958
2281,483177
2282,483396
2283,483615
2284,483834
2285,484021
2286,484240
2287,484459
2288,484678
2289,484897
2290,485116
2291,485303
2292,485522
2293,485741
2294,485960
2295,486179
2296,486398
2297,486585
2298,486804
2299,487023
2300,487242
2301,487461
2302,487680
2303,487867
2304,488086
2305,488305
2306,488524
2307,488743
2308,488962
2309,489149
2310,489368
2311,489587
2312,489806
2313,490025
2314,490244
2315,490431
2316,490650
2317,490869
2318,491088
2319,491307
2320,491526
2321,491713
2322,491932
2323,492151
2324,492370
2325,492589
2326,492808
2327,492995
2328,493214
2329,493433
2330,493652
2331,493871
2332,494090
2333,494277
2334,494496
2335,494715
2336,494934
2337,495153
2338,495372
2339,495559
2340,495778
2341,495997
2342,496216
2343,496435
2344,496654
2345,496841
2346,497060
2347,497279
2348,497498
2349,497717
2350,497936
2351,498123
2352,498342
2353,498561
2354,498780
2355,498999
2356,499218
2357,499405
2358,499592
2359,499779
2360,499998
2361,500217
2362,500436
2363,500655
2364,500874
2365,501061
2366,501280
2367,501499
2368,501718
2369,501937
2370,502156
2371,502343
2372,502562
2373,502781
2374,503000
2375,503219
2376,503438
2377,503625
2378,503844
2379,504031
2380,504250
2381,504469
2382,504688
2383,504907
2384,505126
2385,505313
2386,505532
2387,505751
2388,505970
2389,506189
2390,506408
2391,506595
2392,506782
2393,506969
2394,507188
2395,507407
2396,507626
2397,507845
2398,508064
2399,508251
2400,508470
2401,508689
2402,508908
2403,509127
2404,509346
2405,509533
2406,509752
2407,509971
2408,510190
2409,510409
2410,510628
2411,510815
2412,511034
2413,511253
2414,511472
2415,511691
2416,511910
2417,512097
2418,512316
2419,512503
2420,512722
2421,512941
2422,513160
2423,513379
2424,513598
2425,513785
2426,514004
2427,514223
2428,514442
2429,514661
2430,514880
2431,515067
2432,515286
2433,515505
2434,515724
2435,515943
2436,516162
2437,516349
2438,516568
2439,516787
2440,517006
2441,517225
2442,517444
2443,517631
2444,517850
2445,518069
2446,518288
2447,518507
2448,518726
2449,518913
2450,519132
2451,519351
2452,519570
2453,519789
2454,520008
2455,520195
2456,520414
2457,520633
2458,520852
2459,521071
2460,521290
2461,521477
2462,521696
2463,521915
2464,522134
2465,522353
2466,522572
2467,522759
2468,522978
2469,523197
2470,523416
2471,523635
2472,523854
2473,524041
2474,524260
2475,524479
2476,524698
2477,524917
2478,525136
2479,525323
2480,525542
2481,525761
2482,525980
2483,526199
2484,526418
2485,526605
2486,526824
2487,527043
2488,527262
2489,527481
2490,527700
2491,527887
2492,528106
2493,528325
2494,528544
2495,528763
2496,528982
2497,529169
2498,529356
2499,529543
2500,529762
2501,529981
2502,530200
2503,530419
2504,530638
2505,530825
2506,531044
2507,531263
2508,531482
2509,531701
2510,531920
2511,532107
2512,532326
2513,532545
2514,532764
2515,532983
2516,533202
2517,533389
2518,533576
2519,533763
2520,533982
2521,534201
2522,534420
2523,534639
2524,534858
2525,535045
2526,535264
2527,535483
2528,535702
2529,535921
2530,536140
2531,536327
2532,536546
2533,536765
2534,536984
2535,537203
2536,537422
2537,537609
2538,537828
2539,538047
2540,538266
2541,538485
2542,538704
2543,538891
2544,539110
2545,539297
2546,539516
2547,539735
2548,539954
2549,540173
2550,540392
2551,540579
2552,540798
2553,541017
2554,541236
2555,541455
2556,541674
2557,541861
2558,542080
2559,542299
2560,542518
2561,542737
2562,542956
